24608; 666000; 2321309592; 964617; 500000; 35383; -4249;  -77; -237; 2544; -23; 1573912863; 0; 1; 1; 0; 1001
24609; 666000; 2322292635; 947660; 500000; 52340; -4249;  -72; -215; 2589; -21; 1573912863; 0; 1; 1; 0; 1001
24610; 666000; 2323320805; 975830; 500000; 24170; -696;  -23; -3; 2030; 0; 1573912863; 0; 1; 1; 0; 1001
24611; 666000; 2324377994; 33019; 2000000; -33019; -696;  67; 141; 1527; 14; 1573912863; 0; 1; 1; 0; 1001
24612; 666000; 2325376459; 31484; 2000000; -31484; -696;  146; 640; 1074; 64; 1573912863; 0; 1; 1; 0; 1001
24613; 666000; 2326375039; 30064; 2000000; -30064; -4367;  170; 790; 666; 79; 1573912863; 0; 1; 1; 0; 1001
24614; 666000; 2327322376; 977401; 2000000; 22599; -4367;  152; 612; 299; 61; 1573912863; 0; 1; 1; 0; 1001
24615; 666000; 2328374572; 29597; 2000000; -29597; -4367;  135; 462; -31; 46; 1573912863; 0; 1; 1; 0; 1001
24616; 666000; 2329375323; 30348; 2000000; -30348; -7614;  81; 44; -327; 4; 1573912863; 0; 1; 1; 0; 1001
24617; 666000; 2330378478; 33503; 500000; -33503; -7614;  28; -132; 6; -13; 1573912863; 0; 1; 1; 0; 1001
24618; 666000; 2331317155; 972180; 500000; 27820; -7614;  -16; -159; 305; -15; 1573912863; 0; 1; 1; 0; 1001
24619; 666000; 2332327352; 982377; 500000; 17623; -4459;  -17; -94; 574; -9; 1573912863; 0; 1; 1; 0; 1001
24620; 666000; 2333334436; 989461; 500000; 10539; -4459;  -62; -198; 816; -19; 1573912863; 0; 1; 1; 0; 1001
24621; 666000; 2334332840; 987865; 500000; 12135; -4459;  -101; -387; 1034; -38; 1573912863; 0; 1; 1; 0; 1001
24622; 666000; 2335324165; 979190; 500000; 20810; -1300;  -96; -292; 1230; -29; 1573912863; 0; 1; 1; 0; 1001
24623; 666000; 2336326121; 981146; 500000; 18854; -1300;  -45; -74; 1407; -7; 1573912863; 0; 1; 1; 0; 1001
24624; 666000; 2337325633; 980658; 0; 19342; -1300;  -1; -11; 1566; -1; 1573912863; 0; 1; 1; 0; 1001
24625; 666000; 2338342211; 997236; 2000000; 2764; -792;  43; 55; 1109; 5; 1573912863; 0; 1; 1; 0; 1001
24626; 666000; 2339340320; 995345; 2000000; 4655; -792;  123; 449; 698; 44; 1573912863; 0; 1; 1; 0; 1001
24627; 666000; 2340310323; 965348; 2000000; 34652; -792;  192; 1097; 328; 100; 1573912863; 0; 1; 1; 0; 1001
24628; 666000; 2341324982; 980007; 2000000; 19993; 1806;  286; 2493; -5; 100; 1573912863; 0; 1; 1; 0; 1001
24629; 666000; 2342326853; 981878; 2000000; 18122; 1806;  329; 3283; -304; 100; 1573912863; 0; 1; 1; 0; 1001
24630; 666000; 2343344838; 999863; 2000000; 137; 1597;  363; 3981; -573; 100; 1573912863; 0; 1; 1; 0; 1001
24631; 666000; 2344374540; 29565; 2000000; -29565; 1597;  393; 4659; -815; 100; 1573912863; 0; 1; 1; 0; 1001
24632; 666000; 2345373785; 28810; 2000000; -28810; 1597;  380; 4355; -1033; 100; 1573912863; 0; 1; 1; 0; 1001
24633; 666000; 2346372913; 27938; 2000000; -27938; -2094;  323; 3077; -1229; 100; 1573912863; 0; 1; 1; 0; 1001
24634; 666000; 2347327311; 982336; 2000000; 17664; -2094;  272; 2165; -1406; 100; 1573912863; 0; 1; 1; 0; 1001
24635; 666000; 2348374859; 29884; 2000000; -29884; -2094;  222; 1422; -1565; 100; 1573912863; 0; 1; 1; 0; 1001
24636; 666000; 2349329304; 984329; 2000000; 15671; 126;  205; 1247; -1708; 100; 1573912863; 0; 1; 1; 0; 1001
24637; 666000; 2350376380; 31405; 2000000; -31405; 126;  191; 1079; -1837; 100; 1573912863; 0; 1; 1; 0; 1001
24638; 666000; 2351329353; 984378; 2000000; 15622; 126;  146; 623; -1953; 62; 1573912863; 0; 1; 1; 0; 1001
24639; 666000; 2352315071; 970096; 2000000; 29904; 3848;  153; 759; -2057; 75; 1573912863; 0; 1; 1; 0; 1001
24640; 666000; 2353325938; 980963; 2000000; 19037; 3848;  162; 843; -2151; 84; 1573912863; 0; 1; 1; 0; 1001
24641; 666000; 2354325535; 980560; 2000000; 19440; 3848;  170; 922; -2235; 92; 1573912863; 0; 1; 1; 0; 1001
24642; 666000; 2355321418; 976443; 2000000; 23557; 6311;  208; 1401; -2311; 100; 1573912863; 0; 1; 1; 0; 1001
24643; 666000; 2356325419; 980444; 2000000; 19556; 6311;  287; 2574; -2379; 100; 1573912863; 0; 1; 1; 0; 1001
24644; 666000; 2357341897; 996922; 2000000; 3078; 5906;  351; 3790; -2441; 100; 1573912863; 0; 1; 1; 0; 1001
24645; 666000; 2358340509; 995534; 2000000; 4466; 5726;  405; 5010; -2496; 100; 1573912863; 0; 1; 1; 0; 1001
24646; 666000; 2359306141; 961166; 2000000; 38834; 5726;  424; 5482; -2546; 100; 1573912863; 0; 1; 1; 0; 1001
24647; 666000; 2360307517; 962542; 2000000; 37458; 5726;  441; 5923; -2591; 100; 1573912863; 0; 1; 1; 0; 1001
24648; 666000; 2361336202; 991227; 2000000; 8773; 6106;  460; 6444; -2631; 100; 1573912863; 0; 1; 1; 0; 1001
24649; 666000; 2362337584; 992609; 2000000; 7391; 6266;  433; 5723; -2667; 100; 1573912863; 0; 1; 1; 0; 1001
24650; 666000; 2363344327; 999352; 2000000; 648; 6266;  409; 5117; -2700; 100; 1573912863; 0; 1; 1; 0; 1001
24651; 666000; 2364380458; 35483; 2000000; -35483; 6266;  388; 4614; -2730; 100; 1573912863; 0; 1; 1; 0; 1001
24652; 666000; 2365312686; 967711; 2000000; 32289; 9518;  379; 4472; -2757; 100; 1573912863; 0; 1; 1; 0; 1001
24653; 666000; 2366376529; 31554; 2000000; -31554; 9518;  372; 4314; -2781; 100; 1573912863; 0; 1; 1; 0; 1001
24654; 666000; 2367326953; 981978; 2000000; 18022; 9518;  371; 4291; -2802; 100; 1573912863; 0; 1; 1; 0; 1001
24655; 666000; 2368372892; 27917; 2000000; -27917; 4838;  313; 3007; -2821; 100; 1573912863; 0; 1; 1; 0; 1001
24656; 666000; 2369372616; 27641; 2000000; -27641; 4838;  263; 2143; -2838; 100; 1573912863; 0; 1; 1; 0; 1001
24657; 666000; 2370372224; 27249; 2000000; -27249; 4838;  219; 1507; -2854; 100; 1573912863; 0; 1; 1; 0; 1001
24658; 666000; 2371334213; 989238; 2000000; 10762; 5578;  185; 1109; -2868; 100; 1573912863; 0; 1; 1; 0; 1001
24659; 666000; 2372321234; 976259; 2000000; 23741; 5578;  153; 785; -2881; 78; 1573912863; 0; 1; 1; 0; 1001
24660; 666000; 2373303659; 958684; 2000000; 41316; 5578;  125; 551; -2892; 55; 1573912863; 0; 1; 1; 0; 1001
24661; 666000; 2374334982; 990007; 2000000; 9993; 6129;  108; 443; -2902; 44; 1573912863; 0; 1; 1; 0; 1001
24662; 666000; 2375334964; 989989; 2000000; 10011; 6614;  58; 204; -2911; 20; 1573912863; 0; 1; 1; 0; 1001
24663; 666000; 2376339146; 994171; 2000000; 5829; 6515;  13; 106; -2919; 10; 1573912863; 0; 1; 1; 0; 1001
24664; 666000; 2377320582; 975607; 2000000; 24393; 6515;  -25; 82; -2927; 8; 1573912863; 0; 1; 1; 0; 1001
24665; 666000; 2378307379; 962404; 2000000; 37596; 6515;  -1; 101; -2934; 10; 1573912863; 0; 1; 1; 0; 1001
24666; 666000; 2379303173; 958198; 2000000; 41802; 10925;  74; 353; -2940; 35; 1573912863; 0; 1; 1; 0; 1001
24667; 666000; 2380341390; 996415; 2000000; 3585; 10925;  141; 785; -2946; 78; 1573912863; 0; 1; 1; 0; 1001
24668; 666000; 2381374172; 29197; 2000000; -29197; 10925;  190; 1272; -2951; 100; 1573912863; 0; 1; 1; 0; 1001
24669; 666000; 2382303606; 958631; 2000000; 41369; 14730;  281; 2633; -2955; 100; 1573912863; 0; 1; 1; 0; 1001
24670; 666000; 2383305688; 960713; 2000000; 39287; 14730;  360; 4153; -2959; 100; 1573912863; 0; 1; 1; 0; 1001
24671; 666000; 2384370302; 25327; 2000000; -25327; 14730;  422; 5607; -2963; 100; 1573912863; 0; 1; 1; 0; 1001
24672; 666000; 2385372030; 27055; 2000000; -27055; 9506;  405; 5081; -2966; 100; 1573912863; 0; 1; 1; 0; 1001
24673; 666000; 2386373480; 28505; 2000000; -28505; 9506;  392; 4770; -2969; 100; 1573912863; 0; 1; 1; 0; 1001
24674; 666000; 2387294169; 949194; 2000000; 50806; 9506;  380; 4492; -2972; 100; 1573912863; 0; 1; 1; 0; 1001
24675; 666000; 2388372908; 27933; 2000000; -27933; 4826;  312; 2987; -2974; 100; 1573912863; 0; 1; 1; 0; 1001
24676; 666000; 2389373326; 28351; 2000000; -28351; 4826;  196; 1219; -2976; 100; 1573912863; 0; 1; 1; 0; 1001
24677; 666000; 2390339121; 994146; 2000000; 5854; 4954;  97; 351; -2978; 35; 1573912863; 0; 1; 1; 0; 1001
24678; 666000; 2391319913; 974938; 2000000; 25062; 4954;  10; 72; -2980; 7; 1573912863; 0; 1; 1; 0; 1001
24679; 666000; 2392288832; 943857; 500000; 56143; 4954;  -113; -313; -2382; -31; 1573912863; 0; 1; 1; 0; 1001
24680; 666000; 2393324042; 979067; 500000; 20933; 6951;  -196; -1037; -1843; -100; 1573912863; 0; 1; 1; 0; 1001
24681; 666000; 2394322352; 977377; 500000; 22623; 6951;  -268; -2034; -1358; -100; 1573912863; 0; 1; 1; 0; 1001
24682; 666000; 2395337337; 992362; 500000; 7638; 7036;  -266; -1995; -922; -100; 1573912863; 0; 1; 1; 0; 1001
24683; 666000; 2396338246; 993271; 500000; 6729; 6997;  -264; -1960; -529; -100; 1573912863; 0; 1; 1; 0; 1001
24684; 666000; 2397306328; 961353; 500000; 38647; 6997;  -262; -1924; -176; -100; 1573912863; 0; 1; 1; 0; 1001
24685; 666000; 2398309230; 964255; 500000; 35745; 6997;  -202; -1085; 142; -100; 1573912863; 0; 1; 1; 0; 1001
24686; 666000; 2399343877; 998902; 500000; 1098; 6259;  -159; -631; 427; -63; 1573912863; 0; 1; 1; 0; 1001
24687; 666000; 2400375442; 30467; 500000; -30467; 6259;  -122; -317; 684; -31; 1573912863; 0; 1; 1; 0; 1001
24688; 666000; 2401374341; 29366; 500000; -29366; 6259;  -91; -116; 915; -11; 1573912863; 0; 1; 1; 0; 1001
24689; 666000; 2402337334; 992359; 2000000; 7641; 6431;  -61; 26; 523; 2; 1573912863; 0; 1; 1; 0; 1001
24690; 666000; 2403326671; 981696; 2000000; 18304; 6431;  -60; 25; 170; 2; 1573912863; 0; 1; 1; 0; 1001
24691; 666000; 2404378497; 33522; 2000000; -33522; 6431;  -59; 25; -147; 2; 1573912863; 0; 1; 1; 0; 1001
24692; 666000; 2405374752; 29777; 500000; -29777; 1905;  -115; -360; 168; -36; 1573912863; 0; 1; 1; 0; 1001
24693; 666000; 2406373208; 28233; 500000; -28233; 1905;  -164; -767; 451; -76; 1573912863; 0; 1; 1; 0; 1001
24694; 666000; 2407332604; 987629; 500000; 12371; 1905;  -207; -1242; 705; -100; 1573912863; 0; 1; 1; 0; 1001
24695; 666000; 2408359811; 14836; 500000; -14836; -187;  -271; -2199; 934; -100; 1573912863; 0; 1; 1; 0; 1001
24696; 666000; 2409339877; 994902; 500000; 5098; -187;  -318; -3028; 1140; -100; 1573912863; 0; 1; 1; 0; 1001
24697; 666000; 2410340449; 995474; 500000; 4526; 402;  -351; -3676; 1326; -100; 1573912863; 0; 1; 1; 0; 1001
24698; 666000; 2411332543; 987568; 500000; 12432; 402;  -380; -4310; 1493; -100; 1573912863; 0; 1; 1; 0; 1001
24699; 666000; 2412333070; 988095; 500000; 11905; 402;  -408; -4970; 1643; -100; 1573912863; 0; 1; 1; 0; 1001
24700; 666000; 2413333396; 988421; 500000; 11579; 1799;  -415; -5114; 1778; -100; 1573912863; 0; 1; 1; 0; 1001
24701; 666000; 2414343634; 998659; 500000; 1341; 1741;  -422; -5289; 1900; -100; 1573912863; 0; 1; 1; 0; 1001
24702; 666000; 2415337358; 992383; 500000; 7617; 1741;  -371; -4075; 2010; -100; 1573912863; 0; 1; 1; 0; 1001
24703; 666000; 2416308729; 963754; 500000; 36246; 1741;  -326; -3133; 2109; -100; 1573912863; 0; 1; 1; 0; 1001
24704; 666000; 2417313602; 968627; 500000; 31373; 5445;  -241; -1612; 2198; -100; 1573912863; 0; 1; 1; 0; 1001
24705; 666000; 2418375204; 30229; 500000; -30229; 5445;  -141; -465; 2278; -46; 1573912863; 0; 1; 1; 0; 1001
24706; 666000; 2419345049; 74; 2000000; -74; 5445;  -52; 50; 1750; 5; 1573912863; 0; 1; 1; 0; 1001
24707; 666000; 2420373183; 28208; 2000000; -28208; 1238;  -35; 5; 1275; 0; 1573912863; 0; 1; 1; 0; 1001
24708; 666000; 2421378884; 33909; 2000000; -33909; 1238;  -20; 25; 847; 2; 1573912863; 0; 1; 1; 0; 1001
24709; 666000; 2422376310; 31335; 2000000; -31335; 1238;  -7; 31; 462; 3; 1573912863; 0; 1; 1; 0; 1001
24710; 666000; 2423329040; 984065; 2000000; 15935; 3075;  9; 68; 115; 6; 1573912863; 0; 1; 1; 0; 1001
24711; 666000; 2424378886; 33911; 2000000; -33911; 3075;  24; 79; -197; 7; 1573912863; 0; 1; 1; 0; 1001
24712; 666000; 2425376560; 31585; 2000000; -31585; 3075;  38; 102; -477; 10; 1573912863; 0; 1; 1; 0; 1001
24713; 666000; 2426374556; 29581; 0; -29581; -1007;  0; -24; -129; -2; 1573912863; 0; 1; 1; 0; 1001
24714; 666000; 2427334773; 989798; 500000; 10202; -1007;  -81; -218; 184; -21; 1573912863; 0; 1; 1; 0; 1001
24715; 666000; 2428338609; 993634; 500000; 6366; -1007;  -151; -702; 465; -70; 1573912863; 0; 1; 1; 0; 1001
24716; 666000; 2429339808; 994833; 500000; 5167; -235;  -203; -1236; 718; -100; 1573912863; 0; 1; 1; 0; 1001
24717; 666000; 2430332655; 987680; 500000; 12320; -235;  -196; -1150; 946; -100; 1573912863; 0; 1; 1; 0; 1001
24718; 666000; 2431309227; 964252; 500000; 35748; -235;  -190; -1078; 1151; -100; 1573912863; 0; 1; 1; 0; 1001
24719; 666000; 2432288114; 943139; 500000; 56861; 6902;  -95; -121; 1335; -12; 1573912863; 0; 1; 1; 0; 1001
24720; 666000; 2433287669; 942694; 2000000; 57306; 6902;  -35; 114; 901; 11; 1573912863; 0; 1; 1; 0; 1001
24721; 666000; 2434289181; 944206; 2000000; 55794; 6902;  16; 154; 510; 15; 1573912863; 0; 1; 1; 0; 1001
24722; 666000; 2435323635; 978660; 2000000; 21340; 8706;  84; 390; 159; 39; 1573912863; 0; 1; 1; 0; 1001
24723; 666000; 2436323987; 979012; 2000000; 20988; 8706;  195; 1316; -157; 100; 1573912863; 0; 1; 1; 0; 1001
24724; 666000; 2437303432; 958457; 2000000; 41543; 8706;  292; 2730; -441; 100; 1573912863; 0; 1; 1; 0; 1001
24725; 666000; 2438291116; 946141; 2000000; 53859; 14350;  447; 6276; -696; 100; 1573912863; 0; 1; 1; 0; 1001
24726; 666000; 2439290916; 945941; 2000000; 54059; 14350;  574; 10164; -926; 100; 1573912863; 0; 1; 1; 0; 1001
24727; 666000; 2440309710; 964735; 2000000; 35265; 14350;  684; 14313; -1133; 100; 1573912863; 0; 1; 1; 0; 1001
24728; 666000; 2441349936; 4961; 2000000; -4961; 11936;  751; 17147; -1319; 100; 1573912863; 0; 1; 1; 0; 1001
24729; 666000; 2442378851; 33876; 2000000; -33876; 11936;  720; 15777; -1487; 100; 1573912863; 0; 1; 1; 0; 1001
24730; 666000; 2443327205; 982230; 2000000; 17770; 11936;  693; 14631; -1638; 100; 1573912863; 0; 1; 1; 0; 1001
24731; 666000; 2444373757; 28782; 2000000; -28782; 6846;  605; 11101; -1774; 100; 1573912863; 0; 1; 1; 0; 1001
24732; 666000; 2445375011; 30036; 2000000; -30036; 6846;  506; 7800; -1896; 100; 1573912863; 0; 1; 1; 0; 1001
24733; 666000; 2446373749; 28774; 2000000; -28774; 6846;  420; 5409; -2006; 100; 1573912863; 0; 1; 1; 0; 1001
24734; 666000; 2447329390; 984415; 2000000; 15585; 7938;  357; 3962; -2105; 100; 1573912863; 0; 1; 1; 0; 1001
24735; 666000; 2448374072; 29097; 2000000; -29097; 7938;  233; 1766; -2194; 100; 1573912863; 0; 1; 1; 0; 1001
24736; 666000; 2449374496; 29521; 2000000; -29521; 7938;  123; 590; -2274; 59; 1573912863; 0; 1; 1; 0; 1001
24737; 666000; 2450378761; 33786; 2000000; -33786; 2722;  -37; -9; -1746; 0; 1573912863; 0; 1; 1; 0; 1001
24738; 666000; 2451333011; 988036; 500000; 11964; 2722;  -147; -611; -1271; -61; 1573912863; 0; 1; 1; 0; 1001
24739; 666000; 2452340717; 995742; 500000; 4258; 2914;  -241; -1696; -843; -100; 1573912863; 0; 1; 1; 0; 1001
24740; 666000; 2453341948; 996973; 500000; 3027; 2928;  -324; -3099; -458; -100; 1573912863; 0; 1; 1; 0; 1001
24741; 666000; 2454325949; 980974; 500000; 19026; 2928;  -332; -3252; -112; -100; 1573912863; 0; 1; 1; 0; 1001
24742; 666000; 2455339655; 994680; 500000; 5320; 3227;  -336; -3323; 200; -100; 1573912863; 0; 1; 1; 0; 1001
24743; 666000; 2456333286; 988311; 500000; 11689; 3227;  -339; -3381; 480; -100; 1573912863; 0; 1; 1; 0; 1001
24744; 666000; 2457342389; 997414; 500000; 2586; 3146;  -356; -3734; 732; -100; 1573912863; 0; 1; 1; 0; 1001
24745; 666000; 2458346252; 1277; 500000; -1277; 2593;  -379; -4250; 958; -100; 1573912863; 0; 1; 1; 0; 1001
24746; 666000; 2459294618; 949643; 500000; 50357; 2593;  -398; -4690; 1162; -100; 1573912863; 0; 1; 1; 0; 1001
24747; 666000; 2460310831; 965856; 500000; 34144; 2593;  -350; -3611; 1345; -100; 1573912863; 0; 1; 1; 0; 1001
24748; 666000; 2461353948; 8973; 500000; -8973; 1147;  -326; -3151; 1510; -100; 1573912863; 0; 1; 1; 0; 1001
24749; 666000; 2462375713; 30738; 500000; -30738; 1147;  -307; -2789; 1659; -100; 1573912863; 0; 1; 1; 0; 1001
24750; 666000; 2463347300; 2325; 500000; -2325; 713;  -296; -2597; 1793; -100; 1573912863; 0; 1; 1; 0; 1001
24751; 666000; 2464377856; 32881; 500000; -32881; 713;  -287; -2438; 1913; -100; 1573912863; 0; 1; 1; 0; 1001
24752; 666000; 2465377705; 32730; 500000; -32730; 713;  -282; -2352; 2021; -100; 1573912863; 0; 1; 1; 0; 1001
24753; 666000; 2466376390; 31415; 500000; -31415; -3303;  -328; -3273; 2118; -100; 1573912863; 0; 1; 1; 0; 1001
24754; 666000; 2467330495; 985520; 500000; 14480; -3303;  -368; -4107; 2206; -100; 1573912863; 0; 1; 1; 0; 1001
24755; 666000; 2468375993; 31018; 500000; -31018; -3303;  -396; -4748; 2285; -100; 1573912863; 0; 1; 1; 0; 1001
24756; 666000; 2469377311; 32336; 500000; -32336; -6932;  -465; -6602; 2356; -100; 1573912863; 0; 1; 1; 0; 1001
24757; 666000; 2470375067; 30092; 500000; -30092; -6932;  -526; -8415; 2420; -100; 1573912863; 0; 1; 1; 0; 1001
24758; 666000; 2471336278; 991303; 500000; 8697; -6932;  -561; -9556; 2478; -100; 1573912863; 0; 1; 1; 0; 1001
24759; 666000; 2472340146; 995171; 500000; 4829; -5461;  -573; -9934; 2530; -100; 1573912863; 0; 1; 1; 0; 1001
24760; 666000; 2473329739; 984764; 500000; 15236; -5461;  -579; -10141; 2577; -100; 1573912863; 0; 1; 1; 0; 1001
24761; 666000; 2474335321; 990346; 500000; 9654; -5461;  -584; -10315; 2619; -100; 1573912863; 0; 1; 1; 0; 1001
24762; 666000; 2475339980; 995005; 500000; 4995; -4154;  -571; -9838; 2657; -100; 1573912863; 0; 1; 1; 0; 1001
24763; 666000; 2476342437; 997462; 500000; 2538; -4154;  -510; -7859; 2691; -100; 1573912863; 0; 1; 1; 0; 1001
24764; 666000; 2477341854; 996879; 500000; 3121; -4154;  -457; -6321; 2721; -100; 1573912863; 0; 1; 1; 0; 1001
24765; 666000; 2478310604; 965629; 500000; 34371; 661;  -350; -3634; 2748; -100; 1573912863; 0; 1; 1; 0; 1001
24766; 666000; 2479306736; 961761; 500000; 38239; 661;  -212; -1307; 2773; -100; 1573912863; 0; 1; 1; 0; 1001
24767; 666000; 2480335410; 990435; 500000; 9565; 661;  -90; -202; 2795; -20; 1573912863; 0; 1; 1; 0; 1001
24768; 666000; 2481379391; 34416; 500000; -34416; -3723;  -39; -92; 2815; -9; 1573912863; 0; 1; 1; 0; 1001
24769; 666000; 2482374716; 29741; 500000; -29741; -3723;  -12; -50; 2833; -5; 1573912863; 0; 1; 1; 0; 1001
24770; 666000; 2483329338; 984363; 500000; 15637; -3723;  10; -43; 2849; -4; 1573912863; 0; 1; 1; 0; 1001
24771; 666000; 2484378668; 33693; 500000; -33693; -7469;  -15; -127; 2864; -12; 1573912863; 0; 1; 1; 0; 1001
24772; 666000; 2485374703; 29728; 500000; -29728; -7469;  -55; -211; 2877; -21; 1573912863; 0; 1; 1; 0; 1001
24773; 666000; 2486377052; 32077; 500000; -32077; -7469;  -89; -358; 2889; -35; 1573912863; 0; 1; 1; 0; 1001
24774; 666000; 2487329303; 984328; 500000; 15672; -4576;  -83; -269; 2900; -26; 1573912863; 0; 1; 1; 0; 1001
24775; 666000; 2488375542; 30567; 500000; -30567; -4576;  -138; -633; 2910; -63; 1573912863; 0; 1; 1; 0; 1001
24776; 666000; 2489375802; 30827; 500000; -30827; -4576;  -186; -1100; 2919; -100; 1573912863; 0; 1; 1; 0; 1001
24777; 666000; 2490330364; 985389; 500000; 14611; -2177;  -198; -1190; 2927; -100; 1573912863; 0; 1; 1; 0; 1001
24778; 666000; 2491323102; 978127; 500000; 21873; -2177;  -154; -725; 2934; -72; 1573912863; 0; 1; 1; 0; 1001
24779; 666000; 2492330548; 985573; 500000; 14427; -2177;  -115; -410; 2940; -41; 1573912863; 0; 1; 1; 0; 1001
24780; 666000; 2493329556; 984581; 500000; 15419; 22;  -54; -57; 2946; -5; 1573912863; 0; 1; 1; 0; 1001
24781; 666000; 2494323882; 978907; 2000000; 21093; 22;  45; 90; 2351; 9; 1573912863; 0; 1; 1; 0; 1001
24782; 666000; 2495324683; 979708; 2000000; 20292; 22;  133; 554; 1815; 55; 1573912863; 0; 1; 1; 0; 1001
24783; 666000; 2496324000; 979025; 2000000; 20975; 2641;  243; 1842; 1333; 100; 1573912863; 0; 1; 1; 0; 1001
24784; 666000; 2497343509; 998534; 2000000; 1466; 2494;  301; 2781; 899; 100; 1573912863; 0; 1; 1; 0; 1001
24785; 666000; 2498324004; 979029; 2000000; 20971; 2494;  352; 3775; 509; 100; 1573912863; 0; 1; 1; 0; 1001
24786; 666000; 2499308379; 963404; 2000000; 36596; 2494;  396; 4759; 158; 100; 1573912863; 0; 1; 1; 0; 1001
24787; 666000; 2500312068; 967093; 2000000; 32907; 6295;  452; 6256; -158; 100; 1573912863; 0; 1; 1; 0; 1001
24788; 666000; 2501350700; 5725; 2000000; -5725; 6295;  501; 7654; -442; 100; 1573912863; 0; 1; 1; 0; 1001
24789; 666000; 2502374665; 29690; 2000000; -29690; 6295;  545; 9032; -697; 100; 1573912863; 0; 1; 1; 0; 1001
24790; 666000; 2503324392; 979417; 2000000; 20583; 8081;  577; 10142; -927; 100; 1573912863; 0; 1; 1; 0; 1001
24791; 666000; 2504376708; 31733; 2000000; -31733; 8081;  606; 11169; -1134; 100; 1573912863; 0; 1; 1; 0; 1001
24792; 666000; 2505375174; 30199; 2000000; -30199; 8081;  631; 12095; -1320; 100; 1573912863; 0; 1; 1; 0; 1001
24793; 666000; 2506375444; 30469; 2000000; -30469; 3262;  559; 9426; -1488; 100; 1573912863; 0; 1; 1; 0; 1001
24794; 666000; 2507329901; 984926; 2000000; 15074; 3262;  499; 7520; -1639; 100; 1573912863; 0; 1; 1; 0; 1001
24795; 666000; 2508378751; 33776; 2000000; -33776; 3262;  446; 6016; -1775; 100; 1573912863; 0; 1; 1; 0; 1001
24796; 666000; 2509373512; 28537; 2000000; -28537; -712;  350; 3643; -1897; 100; 1573912863; 0; 1; 1; 0; 1001
24797; 666000; 2510374514; 29539; 2000000; -29539; -712;  219; 1405; -2007; 100; 1573912863; 0; 1; 1; 0; 1001
24798; 666000; 2511335498; 990523; 2000000; 9477; -712;  104; 290; -2106; 29; 1573912863; 0; 1; 1; 0; 1001
24799; 666000; 2512338425; 993450; 500000; 6550; 195;  14; -11; -1595; -1; 1573912863; 0; 1; 1; 0; 1001
24800; 666000; 2513341674; 996699; 500000; 3301; 583;  -80; -196; -1135; -19; 1573912863; 0; 1; 1; 0; 1001
24801; 666000; 2514325695; 980720; 500000; 19280; 583;  -164; -806; -721; -80; 1573912863; 0; 1; 1; 0; 1001
24802; 666000; 2515346301; 1326; 500000; -1326; 344;  -240; -1728; -348; -100; 1573912863; 0; 1; 1; 0; 1001
24803; 666000; 2516320847; 975872; 500000; 24128; 344;  -246; -1812; -13; -100; 1573912863; 0; 1; 1; 0; 1001
24804; 666000; 2517325336; 980361; 500000; 19639; 344;  -252; -1898; 289; -100; 1573912863; 0; 1; 1; 0; 1001
24805; 666000; 2518318587; 973612; 500000; 26388; 3599;  -216; -1324; 560; -100; 1573912863; 0; 1; 1; 0; 1001
24806; 666000; 2519337422; 992447; 500000; 7553; 4093;  -129; -411; 804; -41; 1573912863; 0; 1; 1; 0; 1001
24807; 666000; 2520309758; 964783; 500000; 35217; 4093;  -53; 5; 423; 0; 1573912863; 0; 1; 1; 0; 1001
24808; 666000; 2521338661; 993686; 2000000; 6314; 4370;  17; 100; 80; 10; 1573912863; 0; 1; 1; 0; 1001
24809; 666000; 2522375402; 30427; 2000000; -30427; 4370;  67; 222; -228; 22; 1573912863; 0; 1; 1; 0; 1001
24810; 666000; 2523327102; 982127; 2000000; 17873; 4370;  105; 415; -505; 41; 1573912863; 0; 1; 1; 0; 1001
24811; 666000; 2524350409; 5434; 2000000; -5434; 3144;  124; 519; -754; 51; 1573912863; 0; 1; 1; 0; 1001
24812; 666000; 2525378116; 33141; 2000000; -33141; 3144;  144; 677; -978; 67; 1573912863; 0; 1; 1; 0; 1001
24813; 666000; 2526374523; 29548; 2000000; -29548; 3144;  161; 830; -1180; 83; 1573912863; 0; 1; 1; 0; 1001
24814; 666000; 2527329234; 984259; 2000000; 15741; 4718;  195; 1223; -1362; 100; 1573912863; 0; 1; 1; 0; 1001
24815; 666000; 2528328725; 983750; 2000000; 16250; 4718;  185; 1107; -1525; 100; 1573912863; 0; 1; 1; 0; 1001
24816; 666000; 2529376553; 31578; 2000000; -31578; 4718;  169; 935; -1672; 93; 1573912863; 0; 1; 1; 0; 1001
24817; 666000; 2530374931; 29956; 2000000; -29956; 383;  102; 303; -1804; 30; 1573912863; 0; 1; 1; 0; 1001
24818; 666000; 2531331972; 986997; 2000000; 13003; 383;  39; 35; -1923; 3; 1573912863; 0; 1; 1; 0; 1001
24819; 666000; 2532329594; 984619; 500000; 15381; 383;  -15; -18; -1430; -1; 1573912863; 0; 1; 1; 0; 1001
24820; 666000; 2533329099; 984124; 500000; 15876; 2319;  -39; -13; -987; -1; 1573912863; 0; 1; 1; 0; 1001
24821; 666000; 2534323808; 978833; 500000; 21167; 2319;  -44; -21; -588; -2; 1573912863; 0; 1; 1; 0; 1001
24822; 666000; 2535324318; 979343; 500000; 20657; 2319;  -49; -31; -229; -3; 1573912863; 0; 1; 1; 0; 1001
24823; 666000; 2536323266; 978291; 2000000; 21709; 4742;  -22; 78; -506; 7; 1573912863; 0; 1; 1; 0; 1001
24824; 666000; 2537341561; 996586; 2000000; 3414; 4576;  -21; 73; -755; 7; 1573912863; 0; 1; 1; 0; 1001
24825; 666000; 2538324472; 979497; 2000000; 20503; 4576;  -20; 71; -979; 7; 1573912863; 0; 1; 1; 0; 1001
24826; 666000; 2539337092; 992117; 2000000; 7883; 4989;  -14; 84; -1181; 8; 1573912863; 0; 1; 1; 0; 1001
24827; 666000; 2540310535; 965560; 2000000; 34440; 4989;  44; 146; -1362; 14; 1573912863; 0; 1; 1; 0; 1001
24828; 666000; 2541313367; 968392; 2000000; 31608; 4989;  96; 362; -1525; 36; 1573912863; 0; 1; 1; 0; 1001
24829; 666000; 2542379969; 34994; 2000000; -34994; -8;  79; 171; -1672; 17; 1573912863; 0; 1; 1; 0; 1001
24830; 666000; 2543323595; 978620; 2000000; 21380; -8;  40; 31; -1804; 3; 1573912863; 0; 1; 1; 0; 1001
24831; 666000; 2544380568; 35593; 500000; -35593; -8;  6; -17; -1323; -1; 1573912863; 0; 1; 1; 0; 1001
24832; 666000; 2545382089; 37114; 500000; -37114; -4646;  -81; -302; -890; -30; 1573912863; 0; 1; 1; 0; 1001
24833; 666000; 2546378577; 33602; 500000; -33602; -4646;  -188; -1162; -501; -100; 1573912863; 0; 1; 1; 0; 1001
24834; 666000; 2547330167; 985192; 500000; 14808; -4646;  -280; -2449; -150; -100; 1573912863; 0; 1; 1; 0; 1001
24835; 666000; 2548318019; 973044; 500000; 26956; -695;  -311; -2917; 165; -100; 1573912863; 0; 1; 1; 0; 1001
24836; 666000; 2549378473; 33498; 500000; -33498; -695;  -343; -3541; 448; -100; 1573912863; 0; 1; 1; 0; 1001
24837; 666000; 2550380353; 35378; 500000; -35378; -695;  -371; -4138; 703; -100; 1573912863; 0; 1; 1; 0; 1001
24838; 666000; 2551333253; 988278; 500000; 11722; 857;  -376; -4217; 932; -100; 1573912863; 0; 1; 1; 0; 1001
24839; 666000; 2552332529; 987554; 500000; 12446; 857;  -318; -3007; 1138; -100; 1573912863; 0; 1; 1; 0; 1001
24840; 666000; 2553320167; 975192; 500000; 24808; 857;  -267; -2110; 1324; -100; 1573912863; 0; 1; 1; 0; 1001
24841; 666000; 2554325355; 980380; 500000; 19620; 3202;  -194; -1051; 1491; -100; 1573912863; 0; 1; 1; 0; 1001
24842; 666000; 2555325181; 980206; 500000; 19794; 3202;  -71; -72; 1641; -7; 1573912863; 0; 1; 1; 0; 1001
24843; 666000; 2556340958; 995983; 2000000; 4017; 3303;  36; 121; 1176; 12; 1573912863; 0; 1; 1; 0; 1001
24844; 666000; 2557344618; 999643; 2000000; 357; 2934;  126; 546; 758; 54; 1573912863; 0; 1; 1; 0; 1001
24845; 666000; 2558336041; 991066; 2000000; 8934; 2934;  156; 796; 382; 79; 1573912863; 0; 1; 1; 0; 1001
24846; 666000; 2559306478; 961503; 2000000; 38497; 2934;  181; 1045; 43; 100; 1573912863; 0; 1; 1; 0; 1001
24847; 666000; 2560305903; 960928; 2000000; 39072; 7451;  260; 2177; -262; 100; 1573912863; 0; 1; 1; 0; 1001
24848; 666000; 2561310848; 965873; 2000000; 34127; 7451;  310; 3029; -535; 100; 1573912863; 0; 1; 1; 0; 1001
24849; 666000; 2562321032; 976057; 2000000; 23943; 7451;  354; 3903; -781; 100; 1573912863; 0; 1; 1; 0; 1001
24850; 666000; 2563291039; 946064; 2000000; 53936; 13261;  464; 6716; -1002; 100; 1573912863; 0; 1; 1; 0; 1001
24851; 666000; 2564288796; 943821; 2000000; 56179; 13261;  532; 8745; -1201; 100; 1573912863; 0; 1; 1; 0; 1001
24852; 666000; 2565319139; 974164; 2000000; 25836; 13261;  591; 10731; -1380; 100; 1573912863; 0; 1; 1; 0; 1001
24853; 666000; 2566287874; 942899; 2000000; 57101; 18741;  710; 15484; -1542; 100; 1573912863; 0; 1; 1; 0; 1001
24854; 666000; 2567288997; 944022; 2000000; 55978; 18741;  819; 20482; -1687; 100; 1573912863; 0; 1; 1; 0; 1001
24855; 666000; 2568319827; 974852; 2000000; 25148; 18741;  914; 25419; -1818; 100; 1573912863; 0; 1; 1; 0; 1001
24856; 666000; 2569288170; 943195; 2000000; 56805; 23499;  1057; 30451; -1936; 100; 1573912863; 0; 1; 1; 0; 1001
24857; 666000; 2570289620; 944645; 2000000; 55355; 23499;  1125; 30450; -2042; 100; 1573912863; 0; 1; 1; 0; 1001
24858; 666000; 2571290392; 945417; 2000000; 54583; 23499;  1185; 30449; -2137; 100; 1573912863; 0; 1; 1; 0; 1001
24859; 666000; 2572287449; 942474; 2000000; 57526; 27752;  1290; 30533; -2223; 100; 1573912863; 0; 1; 1; 0; 1001
24860; 666000; 2573287467; 942492; 2000000; 57508; 27752;  1310; 30532; -2300; 100; 1573912863; 0; 1; 1; 0; 1001
24861; 666000; 2574289365; 944390; 2000000; 55610; 27752;  1327; 30532; -2370; 100; 1573912863; 0; 1; 1; 0; 1001
24862; 666000; 2575288748; 943773; 2000000; 56227; 31311;  1387; 30602; -2433; 100; 1573912863; 0; 1; 1; 0; 1001
24863; 666000; 2576287014; 942039; 2000000; 57961; 31311;  1371; 30601; -2489; 100; 1573912863; 0; 1; 1; 0; 1001
24864; 666000; 2577286841; 941866; 2000000; 58134; 31311;  1356; 30601; -2540; 100; 1573912863; 0; 1; 1; 0; 1001
24865; 666000; 2578303183; 958208; 2000000; 41792; 32621;  1360; 30627; -2586; 100; 1573912863; 0; 1; 1; 0; 1001
24866; 666000; 2579288501; 943526; 2000000; 56474; 32621;  1304; 30626; -2627; 100; 1573912863; 0; 1; 1; 0; 1001
24867; 666000; 2580287536; 942561; 2000000; 57439; 32621;  1255; 30626; -2664; 100; 1573912863; 0; 1; 1; 0; 1001
24868; 666000; 2581293969; 948994; 2000000; 51006; 34919;  1241; 30671; -2697; 100; 1573912863; 0; 1; 1; 0; 1001
24869; 666000; 2582288329; 943354; 2000000; 56646; 34919;  1175; 30671; -2727; 100; 1573912863; 0; 1; 1; 0; 1001
24870; 666000; 2583290329; 945354; 2000000; 54646; 34919;  1118; 30671; -2754; 100; 1573912863; 0; 1; 1; 0; 1001
24871; 666000; 2584292930; 947955; 2000000; 52045; 37059;  1094; 30713; -2778; 100; 1573912863; 0; 1; 1; 0; 1001
24872; 666000; 2585300892; 955917; 2000000; 44083; 37059;  1029; 30713; -2800; 100; 1573912863; 0; 1; 1; 0; 1001
24873; 666000; 2586304497; 959522; 2000000; 40478; 37486;  978; 29416; -2820; 100; 1573912863; 0; 1; 1; 0; 1001
24874; 666000; 2587300067; 955092; 2000000; 44908; 37486;  933; 26836; -2838; 100; 1573912863; 0; 1; 1; 0; 1001
24875; 666000; 2588312753; 967778; 2000000; 32222; 37486;  877; 23795; -2854; 100; 1573912863; 0; 1; 1; 0; 1001
24876; 666000; 2589311167; 966192; 2000000; 33808; 37026;  822; 20982; -2868; 100; 1573912863; 0; 1; 1; 0; 1001
24877; 666000; 2590294589; 949614; 2000000; 50386; 37026;  774; 18684; -2881; 100; 1573912863; 0; 1; 1; 0; 1001
24878; 666000; 2591307201; 962226; 2000000; 37774; 37119;  705; 15624; -2892; 100; 1573912863; 0; 1; 1; 0; 1001
24879; 666000; 2592294025; 949050; 2000000; 50950; 37119;  644; 13155; -2902; 100; 1573912863; 0; 1; 1; 0; 1001
24880; 666000; 2593310719; 965744; 2000000; 34256; 36761;  587; 11043; -2911; 100; 1573912863; 0; 1; 1; 0; 1001
24881; 666000; 2594300867; 955892; 2000000; 44108; 36761;  509; 8478; -2919; 100; 1573912863; 0; 1; 1; 0; 1001
24882; 666000; 2595304810; 959835; 2000000; 40165; 37186;  447; 6708; -2927; 100; 1573912863; 0; 1; 1; 0; 1001
24883; 666000; 2596313834; 968859; 2000000; 31141; 37186;  387; 5207; -2934; 100; 1573912863; 0; 1; 1; 0; 1001
24884; 666000; 2597338932; 993957; 2000000; 6043; 37186;  335; 4081; -2940; 100; 1573912863; 0; 1; 1; 0; 1001
24885; 666000; 2598321211; 993957; 2000000; 0; 0;  0; 4081; -2940; 0; 1573912863; 2551250952; 0; 1; 0; 1001
24886; 666000; 2599303130; 981919; 2000000; 18081; 18081;  0; 332; -2946; 33; 1573912863; 2551250952; 0; 1; 0; 1001
